company_canonical,platform,macro_id,category_id,intent,format_normalized,engagement_rate_audience,estimated_impressions,engagement_rate_by_estimated_impression,post_link,message
Aviglass,instagram,marca,historia_valores,awareness,reel,0.0365253295219946,4203,0.0547228170354508,https://www.instagram.com/reel/DLX_9ersQhH/,"Architecture without interruption. IS SYSTEM by Aviglass blends the inside and outside into one continuous experience. No rails, no steps, no visual cuts. Just pure connection with your surroundings. Ready to open your space? Contact us today. #Construction #ModernDesign #LuxuryGlazing #INTOTHEFUTURE"
Aviglass,instagram,marca,historia_valores,awareness,reel,0.0349372717166904,4040,0.0544554455445544,https://www.instagram.com/reel/DIzwmyjP88A/,"From luxury residences in Los Cabos to iconic hotels like the Four Seasons and Ritz Carlton, our window systems define elegance and performance. Explore our latest projects and see how AVIGLASS is transforming spaces today. #AVIGLASS #IntoTheFuture #DesignLegacy #LuxuryLiving #ModernArchitecture #AVI45 #AVI150"
Aviglass,instagram,educativo,tips_recomendaciones,consideration,reel,0.0349372717166904,4013,0.0548218290555694,https://www.instagram.com/reel/DK2TzRBsGQL/,"Let the sun in without the heat. AVIGLASS combines solar control glass, thermal break frames and airtight seals to lower indoor temperatures by up to 40%. Create bright, modern spaces while saving energy. #SmartDesign #SolarControl #GreenArchitecture #ComfortLiving"
Aviglass,instagram,marca,historia_valores,awareness,reel,0.0284262347149436,3653,0.0490008212428141,https://www.instagram.com/reel/DIzwvkiPlfV/,"From our early projects to today’s most innovative designs, AVIGLASS has always had a clear vision — to transform spaces through elegance and technology. This is our path, shaped by innovation and driven toward the future. #AVIGLASS #IntoTheFuture #DesignLegacy #LuxuryLiving #OriginalLine #ModernArchitecture #AVI45"
Aviglass,instagram,marca,historia_valores,awareness,reel,0.0269969826901699,3618,0.0469872857932559,https://www.instagram.com/reel/DLQRlBoNmj6/,"Aviglass systems are NAMI-certified for structural strength, impact resistance, and total sealing against air and water. Designed to perform under hurricane conditions, our solutions offer lasting peace of mind with elegant, modern design. Discover certified strength with Aviglass. #HurricaneReady #ArchitecturalSolutions #SafeAndStylish #AVIGLASS #INTOTHEFUTURE"
Aviglass,instagram,marca,historia_valores,awareness,reel,0.0277910115928219,3617,0.0483826375449267,https://www.instagram.com/reel/DIzwYaDP_0n/,"With the new SI integrated floor system, AVIGLASS redefines the boundary between architecture and the environment. Seamless transitions, bold design, and the next step in spatial freedom — this is just the beginning. #AVIGLASS #IntoTheFuture #SIIntegratedSystem #ArchitecturalInnovation #LuxuryLiving #ModernDesign #NextGenerationSpaces"
Aviglass,instagram,marca,alianzas,awareness,image,0.0330316023503255,3545,0.0586741889985895,https://www.instagram.com/p/DLAgD7QCauP/,Working together as business partners to offer cutting edge window systems and innovative technology. #INTOFUTURE #Avipartner #ArchitectureNetwork
Aviglass,instagram,sin_clasificar,sin_clasificar,consideration,reel,0.0250913133238049,3497,0.0451815842150414,https://www.instagram.com/reel/DKuzMFUON7f/,"Silence is luxury. AVIGLASS sound-insulating windows reduce noise pollution by up to 45%, turning your space into a peaceful retreat. Enjoy quiet moments with sleek, modern design that protects your well-being."
Aviglass,instagram,marca,historia_valores,awareness,image,0.0327139907892647,3482,0.0591614014933946,https://www.instagram.com/p/DLS2Sgvu_an/,"Certified performance that speaks for itself. The Seiciento system by Aviglass is tested under NAMI standards to guarantee air, water and structural resistance. This means greater thermal insulation, better acoustic protection and less energy loss throughout the year. Its minimalist design allows for large glass panels without compromising safety or durability. Engineered for environments that demand both elegance and certified performance. #AVIGLASS #INTOTHEFUTURE #NAMICertified #HurricaneProtection #ArchitecturalGlass #SeicientoForte"
Aviglass,instagram,marca,historia_valores,awareness,image,0.0323963792282039,3406,0.0598943041691133,https://www.instagram.com/p/DLIOekPhlKp/,"Engineered to perform in coastal humidity and urban extremes, Aviglass systems resist corrosion, moisture, and pressure. Seamless design meets certified durability, wherever your project is built. #INTOTHEFUTURE #ModernDesign #LuxuryDesign"
Aviglass,instagram,sin_clasificar,sin_clasificar,consideration,carousel,0.0317611561060822,3323,0.0601865783930183,https://www.instagram.com/p/DLh-cMKMDCC/,"Aviglass systems are designed with advanced UV protection technology that keeps harmful rays out and comfort in. Our glass solutions help preserve interiors, reduce energy use, and create healthier spaces filled with natural light. Ask about our UV glass systems today. #UVProtection #SmartGlass #InteriorCare #Aviglass #ArchitectureWithPurpose"
Aviglass,instagram,prueba_confianza,certificaciones,consideration,reel,0.0222328092742575,3308,0.0423216444981862,https://www.instagram.com/reel/DKH2vb2PXce/,Hurricane season is unpredictable. 84% of storms are stronger due to climate change. Protect your home and reduce risk with NAMI certified windows from AVIGLASS. The best investment of your life. #HurricaneProtection #ClimateResilience #AVIGLASS #NAMIcertified
Aviglass,instagram,educativo,tips_recomendaciones,consideration,reel,0.0201683341273622,3211,0.039551541575833,https://www.instagram.com/reel/DKPlGxTtSlq/,Noise levels in cities have jumped 30% in the last decade—impacting your health and focus. AVIGLASS windows reduce noise by up to 80%. Experience the silence your mind and body crave. #SoundproofWindows #AVIGLASS #UrbanWellness
Aviglass,instagram,marca,historia_valores,awareness,carousel,0.0287438462760044,3102,0.0583494519664732,https://www.instagram.com/p/DLntM5nu-eW/,Transform your space into a sanctuary of light and elegance. Discover the Aviglass experience. #AVIGLASS #PanoramicViews #ModernDesign #INTOTHEFUTURE
Aviglass,instagram,marca,eventos,awareness,carousel,0.0274734000317611,2962,0.0584064821066846,https://www.instagram.com/p/DLaW8YYBl9i/,Meet local and international building codes with NAMI-certified windows. Avoid costly delays or fines in coastal and premium real estate developments.Meet local Explore certified solutions for your next project. #BuildSmart #GlobalStandards #AviglassEdge #PanoramicViews
Aviglass,instagram,sin_clasificar,sin_clasificar,consideration,image,0.0271557884707003,2947,0.0580251102816423,https://www.instagram.com/p/DLsRo8TPDUQ/,"Seiciento Forte Minimal unites ultra-slim frames with airtight design and solar glass, lowering interior temps by up to 40 % while flooding spaces with light. #SmartDesign #EnergySaving"
Canceles Finos,facebook,marca,cultura_equipo,awareness,text,0.0088045576533735,2932,0.0637789904502046,https://www.facebook.com/928023492949581/posts/858182113267053,"Imagina, integra áreas y da a tu inmueble el ambiente exclusivo que deseas, es fácil con nuestros sistemas ALLGLASS. Te ofrecemos además, toda canceleria que haz buscado para tus proyectos residencial y comercial, a cualquier escala. Llama hoy mismo y recibe el trato mereces, deja que nuestro equipo profesional, conocedor y experimentado te ofrezca las soluciones que necesitas 55.9000.0890 www.cancelesfinos.com"
Aviglass,instagram,marca,historia_valores,awareness,image,0.0271557884707003,2929,0.0583817002389894,https://www.instagram.com/p/DK-WxNFhxWI/,"Don’t let the slim profile fool you. AV45 offers a minimalist look with powerful performance. Each sliding panel can support up to 160 kg, with reinforced stainless steel hardware and weather-resistant finishes. Designed to maximize light and views, AV45 blends seamlessly into any contemporary space. It’s the ideal choice for homes, hotels and commercial projects seeking elegance, strength and thermal comfort in one system. #SeicientoSystem #INTOTHEFUTURE #LuxuryDesign #AV45"
Canceles Finos,facebook,marca,cultura_equipo,awareness,text,0.0088987240453882,2789,0.067766224453209,https://www.facebook.com/928023492949581/posts/862353982849866,"También en el Canceleria comercial somos tu mejor opción, En tiempo, calidad y forma la Canceleria de tus negocio u obras institucionales, además de domos, ventanas, puertas, y todo lo relacionado a canceleria para tus proyectos, dale a tu inmueble la mejor cara!, llevamos 21 años siendo la solución confiable para muchas empresas. Llama hoy mismo y recibe el trato que tu mereces, deja que nuestro equipo profesional, conocedor y experimentado te ofrezcas las soluciones que necesitas Atendemos en todo el país. 55.9000.0890 www.cancelesfinos.com WhatsApp 55.2439.0966"
Canceles Finos,facebook,marca,cultura_equipo,awareness,image,0.0088987240453882,2759,0.0685030808263863,https://www.facebook.com/928023492949581/posts/860333683051896,"Imagina lo fácil que es, con nosotros, hacerte de la canceleria que haz buscado para tus proyectos residencial y comercial, a cualquier escala, da a tu inmueble el ambiente exclusivo que deseas. Llama hoy mismo y recibe el trato mereces, deja que nuestro equipo profesional, conocedor y experimentado te ofrezca las soluciones que necesitas 55.9000.0890 www.cancelesfinos.com"
Canceles Finos,facebook,marca,cultura_equipo,awareness,video,0.0007062479401101,2729,0.0054965188713814,https://www.facebook.com/reel/1589717978678533/,"Imagina lo fácil que es adquirir, ventanas, puertas, Barandales Domo y todo lo relacionado canceleria que haz buscado para tus proyectos, y que dará a tu inmueble el ambiente exclusivo que deseas, llama hoy mismo y recibe el trato que tu mereces, deja que nuestro equipo profesional, conocedor y experimentado te ofrezcas las soluciones que necesitas 55.9000.0890 www.cancelesfinos.com"
Canceles Finos,facebook,marca,cultura_equipo,awareness,text,0.0085220584773294,2699,0.0670618747684327,https://www.facebook.com/928023492949581/posts/849889754096289,"Imagina, esa cava de tus sueños!Es fácil con nosotros, así como canceleria exterior e interior, ventanas, puertas, barandales, domos y todo lo relacionado canceleria que haz buscado para tus proyectos, y que darán a tu inmueble el ambiente exclusivo que deseas, llama hoy mismo y recibe el trato que tu mereces, deja que nuestro equipo profesional, conocedor y experimentado te ofrezcas las soluciones que necesitas Atendemos en todo el país. 55.9000.0890 www.cancelesfinos.com"
Aviglass,instagram,marca,historia_valores,awareness,carousel,0.0252501191043354,2682,0.0592841163310962,https://www.instagram.com/p/DLGFI9_J-WP/,"Every frame is crafted for elegance. Sleek lines. Clean angles. A vision of pure sophistication. Engineered to face time, weather and wear. AVIGLASS stands strong in every climate. #AVIGLASS #PanoramicViews #ModernDesign #INTOTHEFUTURE"
Canceles Finos,facebook,marca,cultura_equipo,awareness,text,0.0080041433212486,2607,0.0652090525508247,https://www.facebook.com/928023492949581/posts/866533679098563,"Imagina lo fácil que es, con nosotros, hacerte de la canceleria que haz buscado para tus proyectos residencial y comercial, a cualquier escala, da a tu inmueble el ambiente exclusivo que deseas. Llama hoy mismo y recibe el trato mereces, deja que nuestro equipo profesional, conocedor y experimentado te ofrezca las soluciones que necesitas 55.9000.0890 www.cancelesfinos.com WhatsApp 55.2439.0966"
Aviglass,instagram,educativo,tips_recomendaciones,consideration,image,0.02318564395744,2545,0.0573673870333988,https://www.instagram.com/p/DKkLYHFMl8c/,Say goodbye to urban noise with Aviglass soundproof systems. Perfect for city living. Discover the silence you deserve. #SoundproofLiving #AviglassComfort
